Label,AUROC,Threshold_AUROC,Sensitivity,Specificity,PPV,NPV,True_Label
FibroX-99,0.7944613821138211,0.5574928014905149,0.14363143631436315,0.9713541666666666,0.828125,0.5413642960812772,All-cause mortality
FibroX-99,0.7223381154540575,0.5587029717464501,0.18181818181818182,0.9355877616747182,0.375,0.8432510885341074,Cardiovascular-related mortality
FIB4 >= 1.3,0.7851209631887985,0.6608125846883469,0.43360433604336046,0.8880208333333334,0.7881773399014779,0.62,All-cause mortality
FIB4 >= 1.3,0.716525154930952,0.6351010101010102,0.49242424242424243,0.7777777777777778,0.32019704433497537,0.8781818181818182,Cardiovascular-related mortality
FIB4 >= 2.67,0.7851209631887985,0.524390243902439,0.04878048780487805,1.0,1.0,0.5224489795918368,All-cause mortality
FIB4 >= 2.67,0.716525154930952,0.5038793734445909,0.030303030303030304,0.9774557165861514,0.2222222222222222,0.8258503401360544,Cardiovascular-related mortality
