Label,AUROC,Threshold_AUROC,Sensitivity,Specificity,PPV,NPV,True_Label
FibroX-95,0.7944613821138211,0.6735687669376694,0.42005420054200543,0.9270833333333334,0.8469945355191257,0.624561403508772,All-cause mortality
FibroX-95,0.7223381154540575,0.6512040696823306,0.49242424242424243,0.8099838969404187,0.3551912568306011,0.8824561403508772,Cardiovascular-related mortality
FIB4 >= 1.3,0.7851209631887985,0.6608125846883469,0.43360433604336046,0.8880208333333334,0.7881773399014779,0.62,All-cause mortality
FIB4 >= 1.3,0.716525154930952,0.6351010101010102,0.49242424242424243,0.7777777777777778,0.32019704433497537,0.8781818181818182,Cardiovascular-related mortality
FIB4 >= 2.67,0.7851209631887985,0.524390243902439,0.04878048780487805,1.0,1.0,0.5224489795918368,All-cause mortality
FIB4 >= 2.67,0.716525154930952,0.5038793734445909,0.030303030303030304,0.9774557165861514,0.2222222222222222,0.8258503401360544,Cardiovascular-related mortality
